{"train_loss_step": 0.1445884631721036, "train_RAE_step": 150.63755813404646, "train_MAE_step": 486.7851716862822, "epoch": 2, "trainer/global_step": 1739, "_timestamp": 1725442817.994935, "_runtime": 135.45293307304382, "_step": 177, "valid_loss": 0.14566775426932058, "valid_MAE": 624.0063933046972, "valid_MAE_0": 4973.778955929198, "valid_MAE_1": 0.02109878057015932, "valid_MAE_2": 0.14825533246546033, "valid_MAE_3": 0.08528720831846648, "valid_MAE_4": 0.017454812825142895, "valid_MAE_5": 0.01505517356421047, "valid_MAE_6": 6.93056475875163, "valid_MAE_7": 11.054474441886626, "valid_RAE": 334.2731824512293, "valid_RAE_0": 7.44010738424874, "valid_RAE_1": 46.102702548759446, "valid_RAE_2": 5.056698700779314, "valid_RAE_3": 21.409861282154036, "valid_RAE_4": 27.795728616527928, "valid_RAE_5": 1.5500540512317447, "valid_RAE_6": 760.7962309922736, "valid_RAE_7": 1804.0340760338595, "valid_CorrCoeff": 0.9999999252837929, "train_loss_epoch": 0.1558838315264462, "train_RAE_epoch": 430.0077786765617, "train_MAE_epoch": 608.3006335251688, "_wandb": {"runtime": 152}}