{"train_loss_step": 0.11998197035346198, "train_RAE_step": 152.03397514560842, "train_MAE_step": 244.86985431975853, "epoch": 21, "trainer/global_step": 49098, "_timestamp": 1725375702.1382782, "_runtime": 4623.884535312653, "_step": 4951, "valid_loss": 0.11717190037353944, "valid_MAE": 298.9387041181814, "valid_MAE_0": 2376.413393730821, "valid_MAE_1": 0.01482918577894341, "valid_MAE_2": 0.06209407999558588, "valid_MAE_3": 0.054676566435282896, "valid_MAE_4": 0.01536922085506294, "valid_MAE_5": 0.07764314634369195, "valid_MAE_6": 5.2349423694633845, "valid_MAE_7": 9.636684645757384, "valid_RAE": 348.41810410166477, "valid_RAE_0": 3.588382852007913, "valid_RAE_1": 44.439595782530645, "valid_RAE_2": 2.090468967839388, "valid_RAE_3": 12.668816342099843, "valid_RAE_4": 23.23042358106231, "valid_RAE_5": 715.7595684089208, "valid_RAE_6": 565.4048145195065, "valid_RAE_7": 1420.162762359348, "valid_CorrCoeff": 0.999999946956581, "train_loss_epoch": 0.11756801864914483, "train_RAE_epoch": Infinity, "train_MAE_epoch": 253.7263451651967, "_wandb": {"runtime": 4624}}