{"train_loss_step": 0.1326857277141936, "train_RAE_step": 581.8629213544504, "train_MAE_step": 374.3611665662596, "epoch": 5, "trainer/global_step": 2905, "_timestamp": 1725444617.0859132, "_runtime": 117.4081642627716, "_step": 60, "valid_loss": 0.14073516604436934, "valid_MAE": 489.64405176373185, "valid_MAE_0": 3899.7788649297368, "valid_MAE_1": 0.017319731203730315, "valid_MAE_2": 0.13137777103100276, "valid_MAE_3": 0.07816364826370614, "valid_MAE_4": 0.017512191893834628, "valid_MAE_5": 0.015087774113035052, "valid_MAE_6": 6.308199453904799, "valid_MAE_7": 10.805888609711777, "valid_RAE": 304.76278238246533, "valid_RAE_0": 5.826560439926173, "valid_RAE_1": 46.50432496906046, "valid_RAE_2": 4.3706563708383745, "valid_RAE_3": 19.223322785478153, "valid_RAE_4": 27.965591582515238, "valid_RAE_5": 1.5531479793410659, "valid_RAE_6": 720.4453177051607, "valid_RAE_7": 1612.2133372274022, "valid_CorrCoeff": 0.9999999307690087, "train_loss_epoch": 0.1407181434874014, "train_RAE_epoch": 336.28818539809095, "train_MAE_epoch": 432.2478621922838, "_wandb": {"runtime": 117}}