{"train_loss_step": 0.1326857277141936, "train_RAE_step": 581.8629213544504, "train_MAE_step": 374.3611665662596, "epoch": 4, "trainer/global_step": 2899, "_timestamp": 1725443035.4846475, "_runtime": 139.4520924091339, "_step": 177, "valid_loss": 0.14141864331512558, "valid_MAE": 556.0175636401601, "valid_MAE_0": 4430.624940887362, "valid_MAE_1": 0.018022268621099916, "valid_MAE_2": 0.14085786012221968, "valid_MAE_3": 0.0790969708044034, "valid_MAE_4": 0.01755540872105682, "valid_MAE_5": 0.015048749301776864, "valid_MAE_6": 6.402438978144291, "valid_MAE_7": 10.842547998199482, "valid_RAE": 300.7337670599518, "valid_RAE_0": 6.656593850826319, "valid_RAE_1": 39.05421027965075, "valid_RAE_2": 4.725107955933494, "valid_RAE_3": 19.542671755988547, "valid_RAE_4": 28.23218554525315, "valid_RAE_5": 1.5490583361459398, "valid_RAE_6": 617.3473871700008, "valid_RAE_7": 1688.7629215858144, "valid_CorrCoeff": 0.9999999288107416, "train_loss_epoch": 0.14229241869876905, "train_RAE_epoch": 343.47147300693484, "train_MAE_epoch": 461.3312438729804, "_wandb": {"runtime": 171}}